{"batch_size": 100, "clean_acc": 0.88, "attacks": [{"distortion_factor": [0.00326, 0.00233, 0.00101], "ssim": 0.99991, "psnr": 60.8087, "avg_epsilon": [0.65353, 0.02554, 0.001], "epsilon": 0.001, "epsilon_type": "Linf", "methodName": "\u5feb\u901f\u68af\u5ea6\u7b26\u53f7\u653b\u51fb\u65b9\u6cd5", "success_attack_rate": 0.13, "cost": 0.18697}, {"distortion_factor": [0.00296, 0.00215, 0.00101], "ssim": 0.99992, "psnr": 61.50037, "avg_epsilon": [0.59072, 0.02357, 0.001], "epsilon": 0.001, "epsilon_type": "Linf", "methodName": "\u6295\u5f71\u68af\u5ea6\u4e0b\u964d\u7b97\u6cd5\uff08\u65e0\u7a77\u8303\u6570\uff09", "success_attack_rate": 0.13, "cost": 0.22863}, {"distortion_factor": [0.00011, 9e-05, 0.00016], "ssim": 1.0, "psnr": 88.94351, "avg_epsilon": [0.02021, 0.001, 0.00016], "epsilon": 0.001, "epsilon_type": "L2", "methodName": "\u6295\u5f71\u68af\u5ea6\u4e0b\u964d\u7b97\u6cd5\uff08\u4e8c\u8303\u6570\uff09", "success_attack_rate": 0.12, "cost": 0.33775}], "cost": 11.56127}