{"BATCH_SIZE": 100, "ACC": 0.88, "F1_SCORE": 0.8700757575757576, "PRECISION": 0.8902272727272728, "RECALL": 0.866067821067821}