{"batch_size": 100, "noiseMethodList": [{"methodName": "天气变换（雨天）", "change_clean_acc": 0.1, "F1_SCORE": 0.0732646094875197, "PRECISION": 0.0841880341880342, "RECALL": 0.09797008547008548, "cost": 0.25}, {"methodName": "高斯噪声", "change_clean_acc": 0.12, "F1_SCORE": 0.03226495726495727, "PRECISION": 0.03695652173913043, "RECALL": 0.0988095238095238, "cost": 0.13}], "clean_acc": 0.88, "F1_SCORE": 0.8700757575757576, "PRECISION": 0.8902272727272728, "RECALL": 0.866067821067821, "cost": 11.12}