{"infidelity": 2.197874528064858e-05, "sensitivity": 0.5663716793060303, "stability": 0.24023960530757904, "validity": 4.1640543937683105, "consistency": 1.877859115600586}