{"infidelity": 0.02711944282054901, "sensitivity": 0.26485395431518555, "stability": 0.2971096932888031, "validity": 7.96280574798584, "consistency": 8.007378578186035}