{"infidelity": 3.8790218830108643, "sensitivity": 0.6309067606925964, "stability": 0.019009120762348175, "validity": 4.5478363037109375, "consistency": 0.9793648719787598}