{"infidelity": 1.3522478342056274, "sensitivity": 0.5071231126785278, "stability": 0.028171135112643242, "validity": 7.005553722381592, "consistency": 0.5983414649963379}