{"infidelity": 0.7210025191307068, "sensitivity": 0.6309067606925964, "stability": 0.019914794713258743, "validity": 4.5478363037109375, "consistency": 0.9793648719787598}