{"faithfulness": 0.0033086538314819336, "class_sensitivity": 0.6485499654330223, "consistency": 0.894125759601593}