{"infidelity": 0.00016609154408797622, "sensitivity": 0.19022837281227112, "stability": 0.6775294542312622, "validity": 11.836420059204102, "consistency": 6.607477188110352}