{"infidelity": 9.07736030058004e-05, "sensitivity": 0.5071488618850708, "stability": 0.1574069857597351, "validity": 10.009134292602539, "consistency": 9.306450843811035}