{"infidelity": 0.3677915036678314, "sensitivity": 1.1831521987915039e-05, "stability": 0.029621485620737076, "validity": 6.514926433563232, "consistency": 0.11356210708618164}