{"infidelity": 0.14129133522510529, "sensitivity": 0.6462403535842896, "stability": 0.20757508277893066, "validity": 9.466849327087402, "consistency": 6.537583827972412}