{"infidelity": 0.27883774042129517, "sensitivity": 1.1831521987915039e-05, "stability": 0.02476256899535656, "validity": 6.514926433563232, "consistency": 0.11356210708618164}