{"infidelity": 0.06706298887729645, "sensitivity": 4.738569259643555e-05, "stability": 0.036833811551332474, "validity": 2.7374765872955322, "consistency": 0.48438549041748047}