{"infidelity": 0.7334097027778625, "sensitivity": 1.1831521987915039e-05, "stability": 0.03261221572756767, "validity": 6.514926433563232, "consistency": 0.11356210708618164}