{"infidelity": 0.5747033357620239, "sensitivity": 1.1831521987915039e-05, "stability": 0.026374295353889465, "validity": 6.514926433563232, "consistency": 0.11356210708618164}