{"infidelity": 0.13376334309577942, "sensitivity": 4.738569259643555e-05, "stability": 0.036257170140743256, "validity": 2.7374765872955322, "consistency": 0.48438549041748047}