{"infidelity": 0.7807647585868835, "sensitivity": 0.20733734965324402, "stability": 0.021559394896030426, "validity": 2.9032723903656006, "consistency": 2.0061123371124268}