{"infidelity": 0.3323464095592499, "sensitivity": 0.20930048823356628, "stability": 0.03340166062116623, "validity": 7.079977989196777, "consistency": 0.6196022033691406}