{"faithfulness": 8.442736268043518, "class_sensitivity": 1.0, "consistency": 0.7546477317810059}