{"faithfulness": 36.25699132680893, "class_sensitivity": 0.9999999999999999, "consistency": 0.0001487135887145996}