{"faithfulness": 2.86803662776947, "class_sensitivity": 0.7067691382682364, "consistency": 