{"faithfulness": 0.09843200445175171, "class_sensitivity": 0.6341425496171658, "consistency": 0.8942233324050903}