{"faithfulness": 29.58656907081604, "class_sensitivity": 0.9999999999999999, "consistency": 0.8841770887374878}