{"faithfulness": 1.5557324886322021, "class_sensitivity": 1.0, "consistency": 0.35629862546920776}