{"faithfulness": 2.050447165966034, "class_sensitivity": 0.7474825772495133, "consistency": 0.0001099705696105957}