{"Faithfulness": 176.33582293987274, "Class Sensitivity": 0.7275602966547012, "Consistency": 0.1145944595336914}