{"Faithfulness": 25.190822780132294, "Class Sensitivity": 0.5670072484344526, "Consistency": 0.16302967071533203}