{"Faithfulness": 42.728095054626465, "Class Sensitivity": 0.02225896716117859, "Consistency": 9.083470821380615}