{"Faithfulness": 186.49781167507172, "Class Sensitivity": 0.696203351020813, "Consistency": 0.7266535758972168}