{"faithfulness": 36.579188853502274, "Class Sensitivity": 0.774537980556488, "Consistency": 0.2559812068939209}